"repeater","band","channel","tx1","rx1","type","locator","where","NGR","region","ctcss","keeper","lat","lng","status",
GB3AA,2M,RV53,145.6625,145.0625,AV,IO81RO,BRISTOL,ST627882,SW,94.8,G4CJZ,51.591373,-2.539454,OPERATIONAL,
GB3AC,70CM,RU78,430.9750,438.5750,AV,IO81SR,LYDNEY GLOS,SO673026,SW,94.8,G4CJZ,51.720088,-2.47364,BEACON MODE,
GB3AE,6M,R50-01,50.7200,51.2200,AV,IO71PR,TENBY,SN119058,WM,94.8,GW4AKZ,51.71930517,-4.724510366,OPERATIONAL,
GB3AG,2M,RV58,145.7250,145.1250,AV,IO86ON,FORFAR,NO489417,SCOT,94.8,GM1CMF,56.56446931,-2.833069897,OPERATIONAL,
GB3AH,70CM,RB11,433.2750,434.8750,AV,JO02KP,EAST DEREHAM,TF924103,SE,94.8,G0LGJ,52.656568,0.843184,OPERATIONAL,
GB3AK,23CM,RM14A,1297.3500,1277.3500,AV,IO81RO,BRISTOL,ST627882,SW,94.8,G4CJZ,51.591373,-2.539454,OPERATIONAL,
GB3AL,2M,RV59,145.7375,145.1375,AV,IO91QP,AMERSHAM,SU957955,SW,77,G0RDI,51.650179,-0.616768,OPERATIONAL,
GB3AM,6M,R50-13,50.8400,51.3400,AV,IO91QP,AMERSHAM,SU957955,SW,77,G0RDI,51.650179,-0.616768,OPERATIONAL,
GB3AN,70CM,RB08,433.2000,434.8000,AV,IO73UJ,AMLWCH,SH471906,WM,110.9,GW6DOK,53.390603,-4.301089,OPERATIONAL,
GB3AP,2M,RV49,145.6125,145.0125,AV,IO71OV,HAVERFORDWEST,SN070275,WM,94.8,GW4AKZ,51.915900 ,-4.806600,NOT OPERATIONAL,
GB3AR,2M,RV56,145.7000,145.1000,AV,IO73VC,CAERNARFON,SH528608,WM,110.9,GW4KAZ,53.12399791,-4.201234658,OPERATIONAL,
GB3AS,2M,RV48,145.6000,145.0000,AV,IO84LS,CARLISLE,NY337412,NOR,77,G1XSZ,54.761631,-3.031544,OPERATIONAL,
GB3AU,70CM,RB07,433.1750,434.7750,AV,IO91QP,AMERSHAM,SU957955,SW,82.5,G0RDI,51.650179,-0.616768,OPERATIONAL,
GB3AV,70CM,RB02,433.0500,434.6500,AV,IO91OT,AYLESBURY,SP819135,SW,118.8,G8BQH,51.8141423,-0.813319561,OPERATIONAL,
GB3AW,70CM,RB10,433.2500,434.8500,AV,IO91HH,NEWBURY,SU417578,SW,71.9,G8DOR,51.3177891,-1.403015237,OPERATIONAL,
GB3AY,2M,RV52,145.6500,145.0500,AV,IO75OR,DALRY,NS266519,SCOT,103.5,MM0YET,55.72938605,-4.762879126,OPERATIONAL,
GB3BB,2M,RV56,145.7000,145.1000,AV,IO81HW,BRECON,SO090319,WM,94.8,MW0UAA,51.967638,-3.340583,NOT OPERATIONAL,
GB3BC,2M,RV60,145.7500,145.1500,AV,IO81IO,PONTYPRIDD,ST098911,WM,94.8,GW6CUR,51.611936,-3.303328,LICENSED,
GB3BE,70CM,RU69,430.8625,438.4625,AV,IO85SS,DUNS,NT730540,SCOT,118.8,GM7LUN,55.78,-2.42,OPERATIONAL,
GB3BF,2M,RV63,145.7875,145.1875,AV,IO92SD,BEDFORD,TL043514,MIDL,77,G8MGP,52.15104442,-0.476977621,OPERATIONAL,
GB3BG,70CM,RB09,433.2250,434.8250,AV,IO81KS,BLAENAVON,SO2532309385,WM,94.8,GW7LOP,51.778365,-3.083557,LICENSED,
GB3BI,2M,RV58,145.7250,145.1250,AV,IO77WO,INVERNESS,NH877409,SCOT,67,GM1VAD,57.62,-4.11,LICENSED,
GB3BK,23CM,RM0A,1299.8500,1293.8500,AV,JO01AK,BROMLEY,TQ398717,SE,103.5,G0WYG,51.427071,0.009475,NOT OPERATIONAL,
GB3BL,70CM,RB07,433.1750,434.7750,AV,IO92SD,BEDFORD,TL067504,MIDL,77,G8MGP,52.14159925,-0.442227328,OPERATIONAL,
GB3BM,2M,RV57,145.7125,145.1125,AV,IO92BL,BIRMINGHAM,SP077852,MIDL,67,G8AMD,52.464471,-1.888401,TESTING,
GB3BN,70CM,RB0,433.0000,434.6000,AV,IO91OJ,BRACKNELL,SU838690,SW,118.8,G8DOR,51.41383782,-0.796390086,OPERATIONAL,
GB3BR,70CM,RB06,433.1500,434.7500,AV,IO90WT,BRIGHTON,TQ328051,SE,88.5,G4PAP,50.83021126,-0.115657221,OPERATIONAL,
GB3BS,70CM,RU68,430.8500,438.4500,AV,IO81TK,BRISTOL CITY,ST716702,SW,118.8,G4SDR,51.4305401,-2.4090501,OPERATIONAL,
GB3BT,2M,RV56,145.7000,145.1000,AV,IO85WT,BERWICK ON TWEED,NT948583,SCOT,118.8,GM1JFF,55.81793262,-2.084538855,OPERATIONAL,
GB3BV,70CM,RB01,433.0250,434.6250,AV,IO91SR,HEMEL HEMPSTEAD,TL084041,SE,118.8,G8BQH,51.72515219,-0.431968359,OPERATIONAL,
GB3BX,2M,RV54,145.6750,145.0750,AV,IO82QN,MUCH WENLOCK,SO370309,WM,146.2,M1GIZ,52.58,-2.59,OPERATIONAL,
GB3BZ,70CM,RU68,430.8500,438.4500,AV,JO01GW,BRAINTREE,TL741287,SE,110.9,G0DEC,51.9294001,0.5309001,OPERATIONAL,
GB3CA,70CM,RB13,433.3250,434.9250,AV,IO84OT,CARLISLE,NY469473,NOR,77,G1XSZ,54.816426,-2.827344,OPERATIONAL,
GB3CB,70CM,RB14,433.3500,434.9500,AV,IO92BL,BIRMINGHAM,SP077852,MIDL,67,G8VIQ,52.464471,-1.888401,NOT OPERATIONAL,
GB3CC,70CM,RU77,430.9625,438.5625,AV,IO90RM,CHICHESTER,SU816053,SE,88.5,G3UEQ,50.841479,-0.842785,OPERATIONAL,
GB3CD,2M,RV55,145.6875,145.0875,DM FUSION,IO94DR,CROOK,NZ165378,NOR,118.8,G0OCB,54.73491212,-1.745260566,OPERATIONAL,
GB3CE,70CM,RB14,433.3500,434.9500,AV,JO01KV,COLCHESTER,TL9949027311,SE,110.9,G7HJK,51.908609,0.898778,OPERATIONAL,
GB3CF,2M,RV48,145.6000,145.0000,AV,IO92IQ,MARKFIELD  LEICESTER,SK486108,MIDL,77,G4AFJ,52.692751,-1.282379,OPERATIONAL,
GB3CG,2M,RV58,145.7250,145.1250,AV,IO81VU,GLOUCESTER,SO881188,SW,118.8,G3LVP,51.868313,-2.175461,OPERATIONAL,
GB3CH,70CM,RB02,433.0500,434.6500,AV,IO70SM,LISKEARD,SX2714170595,SW,77,G4RKY,50.509558,-4.439298,OPERATIONAL,
GB3CI,70CM,RB02,433.0500,434.6500,AV,IO92PM,CORBY,SP894913,MIDL,77,G7HPE,52.511175,-0.681997,OPERATIONAL,
GB3CJ,10M,10M,29.6400,29.5400,AV,IO92NF,NORTHAMPTON,SP756609,MIDL,77,G4SCJ,52.241583,-0.894095,OPERATIONAL,
GB3CK,70CM,RB0,433.0000,434.6000,AV,JO01JF,CHARING KENT,TQ948512,SE,103.5,M0ZAA,51.2267393,0.78853692,OPERATIONAL,
GB3CL,70CM,RB09,433.2250,434.8250,AV,JO01OT,CLACTON,TM218172,SE,103.5,G7HJK,51.809005,1.214993,OPERATIONAL,
GB3CM,70CM,RB08,433.2000,434.8000,AV,IO71VW,CARMARTHEN,SN475273,WM,94.8,GW8KCY,51.92328293,-4.219067442,OPERATIONAL,
GB3CO,2M,RV53,145.6625,145.0625,AV,IO92PM,CORBY,SP894913,MIDL,77,G1DIW,52.511175,-0.681997,OPERATIONAL,
GB3CP,2M,RV59,145.7375,145.1375,AV,IO64IG,FERMANAGH,IH511810,NI,110.9,GI8RLE,54.270833,-7.272222,OPERATIONAL,
GB3CR,70CM,RB06,433.1500,434.7500,AV,IO83LC,CAERGWRLE,SJ295570,WM,110.9,M0OBW,53.1055199,-3.052777,OPERATIONAL,
GB3CS,2M,RV60,145.7500,145.1500,AV,IO75XX,KILSYTH,NS731802,SCOT,103.5,GM8HBY,55.997548,-4.038132,NOT OPERATIONAL,
GB3CT,6M,R50-14,50.8500,51.3500,AV,IO92MG,NORTHAMPTON,SP714626,MIDL,77,G7SYT,52.257592,-0.954185,OPERATIONAL,
GB3CV,70CM,RB09,433.2250,434.8250,AV,IO92GK,COVENTRY,SP377816,MIDL,67,G7TRJ,52.431437,-1.445911,OPERATIONAL,
GB3CW,70CM,RB04,433.1000,434.7000,AV,IO82HL,NEWTOWN POWYS,SO050875,WM,103.5,GW4NQJ,52.477385,-3.399617,OPERATIONAL,
GB3DA,2M,RV58,145.7250,145.1250,AV,JO01GR,DANBURY,TL779050,SE,110.9,G6JYB,51.715717,0.574423,OPERATIONAL,
GB3DB,6M,R50-06,50.7700,51.2700,AV,JO01HR,DANBURY,TL795061,SE,110.9,G6JYB,51.723006,0.597557,REDUCED OUTPUT,
GB3DC,2M,RV55,145.6875,145.0875,AV,IO92GW,DERBY,SK380377,MIDL,71.9,G7NPW,52.93536308,-1.436058446,OPERATIONAL,
GB3DD,70CM,RB10,433.2500,434.8500,DM FUSION,IO86MM,DUNDEE,NO406351,SCOT,94.8,GM4UGF,56.504656,-2.965807,OPERATIONAL,
GB3DE,70CM,RB07,433.1750,434.7750,AV,JO02NF,IPSWICH,TM118646,SE,110.9,G1NRL,52.237221,1.101053,OPERATIONAL,
GB3DG,2M,RV62,145.7750,145.1750,AV,IO74UV,NEWTON STEWART,NX524578,SCOT,103.5,MM1BHO,54.893613,-4.302849,OPERATIONAL,
GB3DI,70CM,RB06,433.1500,434.7500,AV,IO91IN,DIDCOT,SU480861,SW,118.8,G8CUL,51.571673,-1.308999,OPERATIONAL,
GB3DM,70CM,RU74,430.9250,438.5250,AV,IO75RW,DUMBARTON,NS42457612,SCOT,103.5,GM0RTY,55.95204169,-4.524009313,REDUCED OUTPUT,
GB3DM,70CM,RU74,430.9250,438.5250,DM FUSION,IO75RW,DUMBARTON,NS42457612,SCOT,103.5,GM0RTY,55.95204169,-4.524009313,OPERATIONAL,
GB3DN,2M,RV51,145.6375,145.0375,AV,IO70UW,STIBB CROSS,SS413163,SW,77,G1BHM,50.924572,-4.259055,OPERATIONAL,
GB3DQ,70CM,RU78,430.9750,438.5750,AV,IO70RI,POLPERRO,SX213517,SW,77,G1YDQ,50.338771,-4.511781,OPERATIONAL,
GB3DR,2M,RV59,145.7375,145.1375,AV,IO80QR,DORCHESTER,SY677858,SW,71.9,G8NIC,50.74,-2.64,OPERATIONAL,
GB3DS,70CM,RB13,433.3250,434.9250,AV,IO93KH,WORKSOP,SK584788,MIDL,71.9,G3XXN,53.302525,-1.126634,OPERATIONAL,
GB3DT,70CM,RB0,433.0000,434.6000,AV,IO80WU,BLANDFORD CAMP,ST916079,SW,71.9,G8BXQ,50.87054233,-2.120730285,OPERATIONAL,
GB3DU,2M,RV61,145.7625,145.1625,AV,IO85SS,DUNS,NT730540,SCOT,118.8,GM7LUN,55.78,-2.42,OPERATIONAL,
GB3DV,70CM,RB01,433.0250,434.6250,AV,IO93JK,MALTBY,SK538923,NOR,71.9,G0EPX,53.42476047,-1.191834575,OPERATIONAL,
GB3DW,2M,RV53,145.6625,145.0625,AV,IO72VW,CRICCIETH,SH5136140175,WM,,GW4KAZ,52.938354,-4.213240,OPERATIONAL,
GB3DX,70CM,RB12,433.3000,434.9000,AV,IO65HA,LONDONDERRY,IC407182,NI,110.9,GI4YWT,55.01005,-7.3643,OPERATIONAL,
GB3DY,70CM,RB10,433.2500,434.8500,AV,IO93FB,WIRKSWORTH,SK305516,MIDL,71.9,G3ZYC,53.06078565,-1.546334049,OPERATIONAL,
GB3EA,2M,RV55,145.6875,145.0875,AV,JO02GE,WICKHAMBROOK,TL742577,SE,110.9,G1YFF,52.1906501,0.547187,OPERATIONAL,
GB3EB,2M,RV63,145.7875,145.1875,AV,JO00DT,EASTBOURNE,TQ616045,SE,88.5,G8PUO,50.817495,0.29222333,NOT OPERATIONAL,
GB3ED,70CM,RB14,433.3500,434.9500,AV,IO85JW,EDINBURGH,NT242718,SCOT,94.8,GM4GZW,55.93326751,-3.214838752,NOT OPERATIONAL,
GB3EE,70CM,RB12,433.3000,434.9000,AV,IO93FE,CHESTERFIELD,SK342665,MIDL,71.9,G1SLE,53.19449274,-1.489543438,OPERATIONAL,
GB3EF,6M,R50-01,50.7200,51.2200,AV,JO02NF,STOWMARKET,TM119644,SE,110.9,G1YFF,52.237221,1.101053,REDUCED OUTPUT,
GB3EH,70CM,RB08,433.2000,434.8000,AV,IO92GC,EDGE HILL,SP361457,SW,67,G4OHB,52.1084591,-1.474287316,OPERATIONAL,
GB3EK,70CM,RU71,430.8875,438.4875,AV,JO01QJ,MARGATE,TR370702,SE,103.5,G4TKR,51.38133646,1.404490472,OPERATIONAL,
GB3EL,2M,RV48,145.6000,145.0000,AV,JO01AM,LONDON,TQ416835,SE,82.5,G4RZZ,51.53265624,0.040088871,OPERATIONAL,
GB3ER,70CM,RB03,433.0750,434.6750,AV,JO01GR,DANBURY,TL779050,SE,110.9,G6JYB,51.715717,0.574423,OPERATIONAL,
GB3ES,2M,RV54,145.6750,145.0750,AV,JO00HV,HASTINGS,TQ824121,SE,103.5,G6ZZX, 50.880033,0.592193,NOT OPERATIONAL,
GB3EV,2M,RV56,145.7000,145.1000,AV,IO84SQ,DUFTON,NY704318,NOR,77,G7ITT,54.679792,-2.461969,OPERATIONAL,
GB3EW,2M,RV49,145.6125,145.0125,AV,IO80FR,EXETER,SX925943,SW,77,G8XQQ,50.738737,-3.522473,OPERATIONAL,
GB3EX,70CM,RU76,430.9500,438.5500,AV,IN89GW,SILVERTON,SS965051,SW,77,G7NBU,50.835922,-3.470277,OPERATIONAL,
GB3EZ,70CM,RU78,430.9750,438.5750,AV,JO02GE,WICKHAMBROOK,TL742577,SE,110.9,G1YFF,52.1906501,0.547187,OPERATIONAL,
GB3FC,70CM,RU68,430.8500,438.4500,AV,IO83LU,BLACKPOOL,SD312408,NOR,82.5,G6AOS,53.85884893,-3.047507993,OPERATIONAL,
GB3FE,2M,RV53,145.6625,145.0625,AV,IO86BC,STIRLING,NS853920,SCOT,103.5,GM0MZB,56.107286,-3.84598,OPERATIONAL,
GB3FF,2M,RV48,145.6000,145.0000,AV,IO86GC,KELTY,NT090930,SCOT,103.5,GM7LUN,56.12,-3.47,OPERATIONAL,
GB3FG,2M,RV57,145.7125,145.1125,AV,IO71WW,CARMARTHEN,SN517267,WM,94.8,GW8KCY,51.918685,-4.157339,OPERATIONAL,
GB3FH,6M,R50-06,50.7700,51.2700,AV,IO81OH,SOMERSET,ST436557,SW,77,G4RKY,51.29783,-2.80973,REDUCED OUTPUT,
GB3FI,70CM,RU74,430.9250,438.5250,AV,IO81OH,CHEDDAR,ST436557,SW,77,G4RKY,51.29783,-2.80973,OPERATIONAL,
GB3FJ,70CM,RU76,430.9500,438.5500,AV,IO93XE,ASGARBY,TF334669,MIDL,71.9,G3ZPU,53.182302,-0.005167,OPERATIONAL,
GB3FK,2M,RV60,145.7500,145.1500,AV,JO01OC,FOLKESTONE,TR218355,SE,103.5,M1CMN,51.088174,1.173074,OPERATIONAL,
GB3FM,23CM,RM2,1297.0500,1291.0500,AV,IO91OF,FARNHAM,SU821494,SE,100,G4EPX,51.23788549,-0.82533887,OPERATIONAL,
GB3FN,70CM,RB15,433.3750,434.9750,AV,IO91OF,FARNHAM,SU821494,SE,82.5,G4EPX,51.23788549,-0.82533887,OPERATIONAL,
GB3FR,2M,RV62,145.7750,145.1750,AV,JO03AE,SPILSBY LINCS.,TF350680,MIDL,71.9,G8SFU,53.191471,0.020518,OPERATIONAL,
GB3FX,6M,R50-10,50.8100,51.3100,AV,IO91OF,FARNHAM,SU821494,SE,82.5,G4EPX,51.23788549,-0.82533887,OPERATIONAL,
GB3GB,70CM,RB12,433.3000,434.9000,AV,IO92BN,BIRMINGHAM,SP065965,MIDL,67,G8NDT,52.56629399,-1.905523042,OPERATIONAL,
GB3GC,6M,R50-02,50.7300,51.2300,AV,IO70WN,GUNNISLAKE,SX407714,SW,77.0,M0YDW,50.520801,-4.247996,OPERATIONAL,
GB3GD,2M,RV50,145.6250,145.0250,AV,IO74SG,SNAEFELL IOM,SC397879,NOR,110.9,GD4HOZ,54.26158111,-4.462586136,OPERATIONAL,
GB3GF,70CM,RB12,433.3000,434.9000,AV,IO91RF,GUILDFORD,SU991488,SE,88.5,G4EML,51.22979556,-0.582063713,OPERATIONAL,
GB3GH,70CM,RB05,433.1250,434.7250,AV,IO81VU,GLOUCESTER,SO880188,SW,118.8,G3LVP,51.868313,-2.175461,OPERATIONAL,
GB3GJ,2M,RV51,145.6375,145.0375,AV,IN89WE,ST HELIER,,SW,,GJ8PVL,49.200032,-2.114182,OPERATIONAL,
GB3GL,70CM,RU72,430.9000,438.5000,AV,IO75WU,GLASGOW,NS684638,SCOT,103.5,GM3SAN,55.84978249,-4.102802313,OPERATIONAL,
GB3GN,2M,RV62,145.7750,145.1750,AV,IO87TA,BANCHORY,NO783919,SCOT,67,GM4ZUK,57.017715,-2.359003,OPERATIONAL,
GB3GO,2M,RV63,145.7875,145.1875,AV,IO83BH,LLANDUDNO,SH767833,WM,110.9,GW6STK,53.332275,-3.854829,OPERATIONAL,
GB3GR,70CM,RU75,430.9375,438.5375,AV,IO92RV,GRANTHAM,SK9532035591,MIDL,71.9,G8SAU,52.909303,-0.5840724,OPERATIONAL,
GB3GT,6M,R50-12,50.8300,51.3300,AV,IO82QJ,LUDLOW,SO615761,WM,103.5,G1MAW,52.39,-2.58,NOT OPERATIONAL,
GB3GU,70CM,RB13,433.3250,434.9250,AV,IN89RK,GUERNSEY,GY1 2DL,SW,71.9,GU6EFB,49.457211,-2.536785,OPERATIONAL,
GB3GX,10M,10M,29.6900,29.5900,AV,IO82QJ,LUDLOW,SO615761,WM,103.5,G1MAW,52.39,-2.58,OPERATIONAL,
GB3GY,70CM,RB11,433.2750,434.8750,AV,IO93XN,GRIMSBY,TA2782810025,MIDL,88.5,G0ATW,53.57191887,-0.069972015,OPERATIONAL,
GB3HA,2M,RV60,145.7500,145.1500,AV,IO85XA,HEXHAM,NY984707,NOR,118.8,G7UUR,55.032265,-2.027577,OPERATIONAL,
GB3HB,70CM,RB15,433.3750,434.9750,AV,IO70OJ,ST AUSTELL,SW991574,SW,77,G3IGV,50.382111,-4.826318,OPERATIONAL,
GB3HC,70CM,RB06,433.1500,434.7500,DM FUSION,IO82PB,HEREFORD,SO5196541067,WM,118.8,G0JWJ,52.06589,-2.702135,LICENSED,
GB3HD,70CM,RB09,433.2250,434.8250,AV,IO93BP,HUDDERSFIELD,SE085166,NOR,82.5,G0ISX,53.645938,-1.873451,OPERATIONAL,
GB3HE,70CM,RU74,430.9250,438.5250,AV,JO00HV,HASTINGS,TQ8251012030,SE,103.5,G8PUO,50.878994,0.59310621,OPERATIONAL,
GB3HF,6M,R50-05,50.7600,51.2600,AV,IO93HO,BARNSLEY,SE426101,NOR,71.9,G4LUE,53.585743,-1.358101,NOT OPERATIONAL,
GB3HG,2M,RV50,145.6250,145.0250,AV,IO94JF,THIRSK,SE516817,NOR,88.5,G8PXB,54.228928,-1.209444,OPERATIONAL,
GB3HH,2M,RV56,145.7000,145.1000,AV,IO93BF,BUXTON,SK063698,MIDL,71.9,G7EKY,53.225034,-1.907865,OPERATIONAL,
GB3HI,2M,RV56,145.7000,145.1000,AV,IO76DK,ISLE OF MULL,NM703358,SCOT,103.5,MM0JRM,56.45821551,-5.729709446,LICENSED,
GB3HJ,70CM,RB01,433.0250,434.6250,AV,IO94EB,HARROGATE,SE227632,NOR,118.8,G4MEM,54.064669,-1.654279,OPERATIONAL,
GB3HK,70CM,RB02,433.0500,434.6500,AV,IO85ON,SELKIRK,NT5046429684,SCOT,118.8,GM0FTJ,55.558311,-2.786858,OPERATIONAL,
GB3HM,6M,R50-11,50.8200,51.3200,AV,IO93GA,BELPER,SK362453,MIDL,71.9,G8IQP,53.0036901,-1.5616901,OPERATIONAL,
GB3HN,70CM,RB11,433.2750,434.8750,AV,IO91VW,HITCHIN,TL205270,SE,82.5,G4LOO,51.92848206,-0.248904681,OPERATIONAL,
GB3HR,70CM,RB14,433.3500,434.9500,AV,IO91TO,HARROW,TQ139929,SE,82.5,G3YXZ,51.622968,-0.356614,OPERATIONAL,
GB3HS,2M,RV52,145.6500,145.0500,DM FUSION,IO93RT,WALKINGTON,SE951351,NOR,88.5,G0VRM,53.803822,-0.557626,OPERATIONAL,
GB3HT,70CM,RB11,433.2750,434.8750,AV,IO92HN,HINCKLEY,SP427943,MIDL,77,G4ALB,52.54488748,-1.371767542,OPERATIONAL,
GB3HW,70CM,RB13,433.3250,434.9250,AV,JO01CO,ROMFORD,TQ533895,SE,110.9,G4GBW,51.58351128,0.21125328,OPERATIONAL,
GB3IC,70CM,RB05,433.1250,434.7250,AV,IO82WO,WOLVERHAMPTON,SJ933003,MIDL,67,M0VRR,52.600846,-2.099358,OPERATIONAL,
GB3IE,70CM,RU68,430.8500,438.4500,AV,IO70XJ,PLYMOUTH,SX501566,SW,77,G7DQC,50.389618,-4.118251,OPERATIONAL,
GB3IG,2M,RV62,145.7750,145.1750,AV,IO68QE,STORNOWAY,NB306305,SCOT,88.5,GM0LZE,58.18082466,-6.584493401,OPERATIONAL,
GB3IH,70CM,RB04,433.1000,434.7000,AV,JO02OB,IPSWICH,TM193447,SE,110.9,G7CIY,52.05725596,1.197433163,OPERATIONAL,
GB3IK,2M,RV61,145.7625,145.1625,AV,JO01FJ,ROCHESTER,TQ731701,SE,103.5,G6CKK,51.403842,0.488893,OPERATIONAL,
GB3IM-C,70CM,RU66,430.8250,438.4250,AV,IO74SD,DOUGLAS  IOM,SC371745,NOR,110.9,GD4HOZ,54.140585,-4.493089,OPERATIONAL,
GB3IM-R,70CM,RU66,430.8250,438.4250,AV,IO74TI,RAMSEY  IOM,SC450988,NOR,71.9,GD4HOZ,54.361421,-4.386029,OPERATIONAL,
GB3IM-S,70CM,RB05,433.1250,434.7250,AV,IO74SG,DOUGLAS  IOM,SC397879,NOR,110.9,GD4HOZ,54.263891,-4.460962,OPERATIONAL,
GB3IN,2M,RV51,145.6375,145.0375,DM D-STAR,IO93GD,MATLOCK,SK354595,MIDL,71.9,G4TSN,53.131492,-1.472371,OPERATIONAL,
GB3IP,2M,RV61,145.7625,145.1625,AV,IO82WS,STAFFORD,SJ895191,MIDL,103.5,G7PFT,52.76939413,-2.157051464,NOT OPERATIONAL,
GB3IR,2M,RV61,145.7625,145.1625,AV,IO94DJ,RICHMOND YORKS,NZ166019,NOR,88.5,G4FZN,54.41228629,-1.745721703,OPERATIONAL,
GB3IS,2M,RV60,145.7500,145.1500,AV,IO77BF,BROADFORD,NG683233,SCOT,88.5,GM8RBR,57.240996,-5.841411,OPERATIONAL,
GB3IW,70CM,RB09,433.2250,434.8250,AV,IO90JQ,RYDE,SZ5473487216,SW,71.9,G4IKI,50.682049,-1.226580,OPERATIONAL,
GB3JB,2M,RV63,145.7875,145.1875,AV,IO81VC,MERE WILTSHIRE,ST867333,SW,103.5,G3ZXX,51.098848,-2.191317,OPERATIONAL,
GB3JC,70CM,RU72,430.9000,438.5000,AV,JO02QP,NORWICH,TG27991003,SE,94.8,M0ZAH,52.640182,1.368362,OPERATIONAL,
GB3JL,2M,RV63,145.7875,145.1875,AV,IO70SM,LISKEARD,SX2714170595,SW,77,G4RKY,50.509558,-4.439298,OPERATIONAL,
GB3JS,70CM,RB01,433.0250,434.6250,AV,JO02UO,GREAT YARMOUTH  ,TG5230307530,SE,94.8,M0JGX,52.606936,1.724918,OPERATIONAL,
GB3JX,6M,R50-12,50.8300,51.3300,AV,JO02QP,NORWICH,TG27991003,SE,94.8,M0ZAH,52.640182,1.368362,OPERATIONAL,
GB3KC,70CM,RU72,430.9000,438.5000,AV,IO82WK,STOURBRIDGE,SO921828,MIDL,67,G0EWH,52.442972,-2.118333,OPERATIONAL,
GB3KD,2M,RV63,145.7875,145.1875,AV,IO82UJ,KIDDERMINSTER,SO829781,WM,118.8,G8PZT,52.4006462,-2.252741538,OPERATIONAL,
GB3KE,2M,RV55,145.6875,145.0875,DM FUSION,IO75UV,GLASGOW,NS558715,SCOT,103.5,GM7SVK,55.915251,-4.307676,OPERATIONAL,
GB3KI,2M,RV53,145.6625,145.0625,DM D-STAR,JO01NI,HERNE BAY,TR192672,SE,103.5,G4TKR,51.3619444,1.1480556,OPERATIONAL,
GB3KK,70CM,RU78,430.9750,438.5750,AV,IO65VE,BALLYCASTLE,NW300968,NI,110.9,MI0MRV,55.191845,-6.243352,OPERATIONAL,
GB3KL,70CM,RB04,433.1000,434.7000,AV,JO02FR,KINGS LYNN,TF636155,SE,94.8,G0IJU,52.712612,0.420522,OPERATIONAL,
GB3KN,2M,RV56,145.7000,145.1000,AV,JO01GH,MAIDSTONE,TQ798596,SE,103.5,G3VFC,51.308403,0.578343,OPERATIONAL,
GB3KR,70CM,RB03,433.0750,434.6750,AV,IO82UJ,KIDDERMINSTER,SO819795,WM,67,G8NTU,52.41319982,-2.267515252,NOT OPERATIONAL,
GB3KS,2M,RV50,145.6250,145.0250,AV,JO01PA,DOVER,TR320435,SE,103.5,M1CMN,51.144610,1.316786,OPERATIONAL,
GB3KV,70CM,RU78,430.9750,438.5750,AV,IO75XX,KILSYTH,NS731802,SCOT,103.5,GM3SAN,55.997548,-4.038132,NOT OPERATIONAL,
GB3KY,2M,RV57,145.7125,145.1125,AV,JO02FS,KINGS LYNN,TF673233,SE,94.8,G1SCQ,52.78135353,0.479104298,OPERATIONAL,
GB3LA,2M,RV57,145.7125,145.1125,AV,IO85CJ,SANQUHAR,NS8901010666,SCOT,103.5,GM3SAN,55.3773823756,-3.7531445713,OPERATIONAL,
GB3LB,2M,RV63,145.7875,145.1875,AV,IO85NS,LAUDER,NT343607,SCOT,118.8,GM7LUN,55.78,-2.88,OPERATIONAL,
GB3LC,70CM,RB09,433.2250,434.8250,AV,IO93WH,LOUTH,TF2534982531,MIDL,71.9,G7AJP,53.3249701,-0.1195001,OPERATIONAL,
GB3LD,2M,RV54,145.6750,145.0750,AV,IO84OA,LANCASTER,SD501599,NOR,110.9,G3VVT,54.032477,-2.763189,OPERATIONAL,
GB3LE,70CM,RB04,433.1000,434.7000,AV,IO92IQ,MARKFIELD  LEICESTER,SK486108,MIDL,77,M1NAS,52.692751,-1.282379,OPERATIONAL,
GB3LF,70CM,RB14,433.3500,434.9500,AV,IO84PH,KENDAL,SD543920,NOR,110.9,G3VVT,54.321265,-2.704802,OPERATIONAL,
GB3LH,70CM,RB15,433.3750,434.9750,AV,IO82OP,SHREWSBURY,SJ470067,WM,103.5,G8DIR,52.655031,-2.785021,OPERATIONAL,
GB3LI,70CM,RB10,433.2500,434.8500,AV,IO83LL,LIVERPOOL,SJ328965,NOR,82.5,G3WIC,53.46094612,-3.013586145,OPERATIONAL,
GB3LL,70CM,RB0,433.0000,434.6000,AV,IO83BH,LLANDUDNO,SH767833,WM,110.9,GW6SIX,53.332275,-3.854829,OPERATIONAL,
GB3LM,2M,RV58,145.7250,145.1250,AV,IO93RF,LINCOLN,SK978718,MIDL,71.9,G7AVU,53.23423952,-0.53619847,OPERATIONAL,
GB3LP,6M,R50-04,50.7500,51.2500,AV,IO83MK,LIVERPOOL,SJ381939,NOR,77,M1SWB,53.43822965,-2.933259738,OPERATIONAL,
GB3LR,70CM,RU69,430.8625,438.4625,AV,JO00AS,NEWHAVEN,TQ448001,SE,88.5,G0TJH,50.783216,0.054071,OPERATIONAL,
GB3LS,70CM,RB02,433.0500,434.6500,AV,IO93RF,LINCOLN,SK978718,MIDL,71.9,G7AVU,53.23423952,-0.53619847,OPERATIONAL,
GB3LT,70CM,RB10,433.2500,434.8500,AV,IO91SV,LUTON,TL062248,MIDL,77,G8XTW,51.91161869,-0.457467281,OPERATIONAL,
GB3LU,2M,RV54,145.6750,145.0750,AV,IP90JD,SHETLAND,HU442403,SCOT,77,GM4SLV,60.144541,-1.206523,OPERATIONAL,
GB3LV,70CM,RB02,433.0500,434.6500,AV,IO91XP,NORTH LONDON,TQ328966,SE,82.5,G4DFB,51.65251346,-0.081750072,POOR RX,
GB3LW,70CM,RU72,430.9000,438.5000,AV,IO91WM,LONDON,TQ312804,SE,82.5,G4RFC,51.5073,-0.1109,OPERATIONAL,
GB3LY,2M,RV48,145.6000,145.0000,AV,IO65NC,LIMAVADY  N.I,IC711296,NI,110.9,GI3USS,55.10838,-6.88717,OPERATIONAL,
GB3MA,70CM,RB01,433.0250,434.6250,AV,IO83UO,BURY,SD833133,NOR,82.5,G7LWT,53.6159804,-2.253903051,NOT OPERATIONAL,
GB3MD,70CM,RU68,430.8500,438.4500,AV,IO93KD,MANSFIELD,SK515562,MIDL,71.9,G0UYQ,53.12970119,-1.160015438,NOT OPERATIONAL,
GB3ME,70CM,RB06,433.1500,434.7500,AV,IO92JJ,RUGBY,SP518756,MIDL,67,G7BQM,52.375238,-1.240459,OPERATIONAL,
GB3MF,70CM,RB02,433.0500,434.6500,AV,IO83WG,MACCLESFIELD,SJ938763,NOR,103.5,G1JVF,53.283348,-2.0943493,OPERATIONAL,
GB3MG,70CM,RU72,430.9000,438.5000,AV,IO81IO,PONTYPRIDD,ST098911,WM,94.8,GW6CUR,51.611936,-3.303328,LICENSED,
GB3MH,2M,RV50,145.6250,145.0250,AV,IO91WC,EAST GRINSTEAD,TQ337354,SE,88.5,G3NZP,51.102217,-0.090851,OPERATIONAL,
GB3MI,2M,RV57,145.7125,145.1125,DM D-STAR,IO83VM,MANCHESTER,SD843021,NOR,82.5,G0TOG,53.51534337,-2.238219831,OPERATIONAL,
GB3MK,70CM,RB0,433.0000,434.6000,DM FUSION,IO92OB,MILTON KEYNES,SP852391,SW,77,G4CAK,52.04376043,-0.759130884,OPERATIONAL,
GB3MM,23CM,RM6,1297.1500,1291.1500,AV,IO82XP,WOLVERHAMPTON,SJ945036,MIDL,67,G4OKE,52.630662,-2.082001,OPERATIONAL,
GB3MN,2M,RV52,145.6500,145.0500,DM FUSION,IO83XH,DISLEY,SJ973814,NOR,82.5,G8LZO,53.329411,-2.041337,OPERATIONAL,
GB3MP,2M,RV60,145.7500,145.1500,AV,IO83IF,DENBIGH,SJ123701,WM,110.9,M0OBW,53.22069099,-3.314946889,OPERATIONAL,
GB3MR,70CM,RB14,433.3500,434.9500,AV,IO83XH,STOCKPORT,SJ973814,NOR,82.5,G8LZO,53.329411,-2.041337,OPERATIONAL,
GB3MS,70CM,RB07,433.1750,434.7750,AV,IO82VE,WORCESTER,SO878549,WM,67,G7WIG,52.192641,-2.181556,OPERATIONAL,
GB3MT,70CM,RU72,430.9000,438.5000,AV,IO64QS,MAGHERAFELT,H9019990491,NI,110.9,MI0GRN,54.754424,-6.5996376,OPERATIONAL,
GB3MW,70CM,RB10,433.2500,434.8500,AV,IO92FH,LEAMINGTON SPA,SP335672,MIDL,67,G6FEO,52.301298,-1.510695,OPERATIONAL,
GB3NA,2M,RV49,145.6125,145.0125,AV,IO93GK,SHEFFIELD,SK333925,NOR,71.9,G4LUE,53.428072,-1.499001,OPERATIONAL,
GB3NB,2M,RV50,145.6250,145.0250,AV,JO02PN,NORWICH,TG258026,SE,94.8,G8VLL,52.574742,1.331647,OPERATIONAL,
GB3NC,2M,RV58,145.7250,145.1250,AV,IO70OJ,ST AUSTELL,SW991574,SW,77,G3IGV,50.382111,-4.826318,OPERATIONAL,
GB3ND,70CM,RB14,433.3500,434.9500,AV,IO71VA,BIDEFORD,SS441258,SW,77,G4SOF,51.0109301,-4.223421,OPERATIONAL,
GB3NE,2M,RV61,145.7625,145.1625,AV,IO91HJ,NEWBURY,SU454648,SW,118.8,G8JIP,51.38044433,-1.349036377,OPERATIONAL,
GB3NF,2M,RV50,145.6250,145.0250,AV,IO92KX,NOTTINGHAM,SK583429,MIDL,77,G4NRZ,52.980011,-1.132865,OPERATIONAL,
GB3NG,2M,RV50,145.6250,145.0250,AV,IO87XO,FRASERBURGH,NJ981569,SCOT,67,GM4ZUK,57.602199,-2.032831,OPERATIONAL,
GB3NH,70CM,RB03,433.0750,434.6750,AV,IO92NF,NORTHAMPTON,SP756609,MIDL,77,G4YKE,52.241583,-0.894095,OPERATIONAL,
GB3NI,2M,RV58,145.7250,145.1250,AV,IO74CO,BELFAST  N.I.,IJ405767,NI,110.9,GI3USS,54.619484,-5.823939,OPERATIONAL,
GB3NK,70CM,RB04,433.1000,434.7000,AV,JO01BL,ERITH,TQ498769,SE,103.5,G4EGU,51.47124029,0.155421552,OPERATIONAL,
GB3NL,2M,RV62,145.7750,145.1750,AV,IO91XP,NORTH LONDON,TQ328966,SE,82.5,G4DFB,51.65251346,-0.081750072,OPERATIONAL,
GB3NM,70CM,RB07,433.1750,434.7750,AV,IO92KX,NOTTINGHAM,SK583428,MIDL,71.9,G4IRX,52.980011,-1.132865,OPERATIONAL,
GB3NN,70CM,RB02,433.0500,434.6500,AV,JO02JV,WELLS NORFOLK,TF904385,SE,94.8,G0FVF,52.91018083,0.83004415,OPERATIONAL,
GB3NO,23CM,RM0,1297.0000,1291.0000,AV,JO02PP,NORWICH,TG224084,SE,94.8,G8VLL,52.627000,1.283774,OPERATIONAL,
GB3NP,70CM,RU71,430.8875,438.4875,DM FUSION,IO92LD,TOWCESTER,SP665524,MIDL,77,G4YKE,52.166483,-1.028982,OPERATIONAL,
GB3NR,70CM,RB0,433.0000,434.6000,AV,JO02PP,NORWICH,TG224084,SE,94.8,G8VLL,52.627000,1.283774,OPERATIONAL,
GB3NS,70CM,DVU54,439.6750,430.6750,AV,IO91WG,CATERHAM,TQ322542,SE,82.5,G0OLX,51.270872,-0.106743,OPERATIONAL,
GB3NT,70CM,RB0,433.0000,434.6000,AV,IO94FW,NEWCASTLE/TYNE,NZ269601,NOR,118.8,G7UUR,54.93485679,-1.581686499,OPERATIONAL,
GB3NU,70CM,RU71,430.8875,438.4875,AV,JO02OW,SHERINGHAM,TG157430,SE,94.8,G8SAU,52.940703,1.208846,OPERATIONAL,
GB3NW,2M,RV50,145.6250,145.0250,AV,IO82VE,WORCESTER,SO875549,WM,67,G4IDF,52.192641,-2.181556,OPERATIONAL,
GB3NX,70CM,RU68,430.8500,438.4500,AV,IO91WB,CRAWLEY SUSSEX,TQ292324,SE,88.5,G4EFO,51.076298,-0.157624,OPERATIONAL,
GB3NY,70CM,RU66,430.8250,438.4250,AV,IO94VC,BRIDLINGTON,TA2154370654,NOR,88.5,M0DPH,54.104157,-0.205679,OPERATIONAL,
GB3OA,2M,RV49,145.6125,145.0125,AV,IO83LP,SOUTHPORT,SD334417,NOR,82.5,G4EID,53.647978,-3.000805,OPERATIONAL,
GB3OC,2M,RV52,145.6500,145.0500,AV,IO88LX,KIRKWALL,HY412117,SCOT,77,GM0HQG,58.98837421,-3.024826619,OPERATIONAL,
GB3OH,70CM,RU76,430.9500,438.5500,AV,IO85EX,LINLITHGOW,NS975793,SCOT,94.8,GM0MZB,55.99567127,-3.644891186,OPERATIONAL,
GB3OK,70CM,DVU41,439.5125,430.5125,AV,JO01BJ,BROMLEY,TQ4639368416,SE,82.5,G1HIG,51.395905,0.102901,OPERATIONAL,
GB3OM,70CM,RU76,430.9500,438.5500,AV,IO64JQ,OMAGH,IH511810,NI,110.9,GI4SXV,54.674320,-7.209090,OPERATIONAL,
GB3OV,70CM,RB05,433.1250,434.7250,AV,IO92VG,ST NEOTS,TL242652,MIDL,94.8,M1JUL,52.27093639,-0.1812116,OPERATIONAL,
GB3OY,70CM,RU76,430.9500,438.5500,AV,JO01AO,BUCKHURST HILL,TQ407937,SE,82.5,G7UZN,51.624761,0.032259,OPERATIONAL,
GB3PA,2M,RV50,145.6250,145.0250,AV,IO75QV,PAISLEY,NS382718,SCOT,103.5,GM7OAW,55.911497,-4.591193,OPERATIONAL,
GB3PC,2M,RV62,145.7750,145.1750,AV,IO90KT,PORTSMOUTH,SU634004,SW,71.9,G8UCY,50.79970345,-1.101714756,NOT OPERATIONAL,
GB3PE,2M,RV54,145.6750,145.0750,AV,IO92TN,PETERBOROUGH,TF332042,SE,94.8,M0ZPU,52.618788,-0.033017,OPERATIONAL,
GB3PI,2M,RV60,145.7500,145.1500,AV,IO92XA,ROYSTON,TL3723836475,SE,77,G4NBS,52.009764,-0.001845,OPERATIONAL,
GB3PK,2M,RV53,145.6625,145.0625,AV,IO65WE,BALLYCASTLE NI,ID213403,NI,110.9,MI0CRR,55.19472,-6.09642,OPERATIONAL,
GB3PL,2M,RV61,145.7625,145.1625,AV,IO70VM,E.CORNWALL,SX407714,SW,77,M0YDW,50.52065532,-4.248528125,OPERATIONAL,
GB3PO,2M,RV52,145.6500,145.0500,AV,JO02OB,IPSWICH,TM193447,SE,110.9,G7CIY,52.05725596,1.197433163,OPERATIONAL,
GB3PP,70CM,RB15,433.3750,434.9750,AV,IO83PS,PRESTON,SD536330,NOR,82.5,M0NED,53.791238,-2.705792853,OPERATIONAL,
GB3PR,2M,RV54,145.6750,145.0750,AV,IO86GI,PERTH,NO102209,SCOT,94.8,GM8KPH,56.3725201,-3.455056,OPERATIONAL,
GB3PS,23CM,RM3,1297.0750,1291.0750,AV,IO92XA,ROYSTON,TL3723836475,SE,77,G4NBS,52.009764,-0.001845,NOT OPERATIONAL,
GB3PU,70CM,RB0,433.0000,434.6000,DM FUSION,IO86GI,PERTH,NO102209,SCOT,94.8,GM8KPH,56.3725201,-3.455056,OPERATIONAL,
GB3PW,2M,RV62,145.7750,145.1750,AV,IO82HL,NEWTOWN POWYS,SO050875,WM,103.5,GW4NQJ,52.477385,-3.399617,OPERATIONAL,
GB3PX,6M,R50-07,50.7800,51.2800,AV,IO92XA,ROYSTON,TL3723836475,SE,77,G4NBS,52.009764,-0.001845,REDUCED OUTPUT,
GB3PY,70CM,RB08,433.2000,434.8000,AV,JO02AF,CAMBRIDGE,TL393594,SE,77,G4NBS,52.21521095,0.037551694,OPERATIONAL,
GB3PZ,70CM,RU72,430.9000,438.5000,AV,IO83XL,DUKINFIELD,SJ955969,NOR,82.5,G4ZPZ,53.46882096,-2.069241198,OPERATIONAL,
GB3RA,2M,RV51,145.6375,145.0375,AV,IO82JH,LLANDRINDOD WELLS, SO1867071350,WM,103.5,GW7UNV,52.334195,-3.195029,NOT OPERATIONAL,
GB3RB,70CM,RB08,433.2000,434.8000,AV,IO93IF,BOLSOVER,SK474706,MIDL,71.9,G1SLE,53.23033415,-1.291375216,OPERATIONAL,
GB3RD,2M,RV54,145.6750,145.0750,AV,IO91JM,READING,SU555803,SW,118.8,G8DOR,51.519155,-1.201075,OPERATIONAL,
GB3RE,70CM,RB11,433.2750,434.8750,AV,JO01HH,MAIDSTONE,TQ814585,SE,103.5,G6RVS,51.29672521,0.600542596,OPERATIONAL,
GB3RF,2M,RV62,145.7750,145.1750,DM FUSION,IO83TR,ACCRINGTON,SD755272,NOR,82.5,G0BMH,53.740865,-2.371996,OPERATIONAL,
GB3RH,70CM,RB11,433.2750,434.8750,AV,IO80MS,AXMINSTER,SY325966,SW,94.8,G6WWY,50.76505064,-2.958462452,OPERATIONAL,
GB3RU,70CM,RB11,433.2750,434.8750,AV,IO91LK,READING,SU66617311,SW,118.8,G8DOR,51.452104,-1.043819,OPERATIONAL,
GB3SB,2M,RV52,145.6500,145.0500,AV,IO85ON,SELKIRK,NT5046429684,SCOT,118.8,GM0FTJ,55.558311,-2.786858,OPERATIONAL,
GB3SC,2M,RV50,145.6250,145.0250,AV,IO90BR,BOURNEMOUTH,SZ094916,SW,71.9,M0AUY,50.724396,-1.867786,OPERATIONAL,
GB3SD,70CM,RB14,433.3500,434.9500,AV,IO80SQ,WEYMOUTH,SY688902,SW,71.9,G0EVW,50.67,-2.46,OPERATIONAL,
GB3SE,23CM,RM3,1297.0750,1291.0750,AV,IO83WA,STOKE ON TRENT,SJ937472,MIDL,103.5,G8NSS,53.03,-2.10,OPERATIONAL,
GB3SF,70CM,RU78,430.9750,438.5750,AV,IO81DA,SOUTH MOLTON,SS783279,SW,77,G6SQX,51.038526,-3.735831,LICENSED,
GB3SG,70CM,RB15,433.3750,434.9750,AV,IO81LR,PONTYPOOL,SO265038,WM,94.8,GW6CUR,51.728165,-3.065507,LICENSED,
GB3SI,2M,RV50,145.6250,145.0250,AV,IO70IC,HELSTON,SW662285,SW,77,M1ERD,50.110920,-5.270690,OPERATIONAL,
GB3SK,70CM,RB06,433.1500,434.7500,AV,JO01MH,CANTERBURY,TR137599,SE,103.5,G6DIK,51.29809901,1.06401846,OPERATIONAL,
GB3SL,6M,R50-02,50.7300,51.2300,AV,IO75XX,KILSYTH,NS731802,SCOT,103.5,GM4COX,55.997548,-4.038132,OPERATIONAL,
GB3SM,70CM,RB13,433.3250,434.9250,AV,IO93BA,STOKE ON TRENT,SK059488,MIDL,103.5,G4SCY,53.036446,-1.913464,OPERATIONAL,
GB3SN,2M,RV58,145.7250,145.1250,AV,IO91LC,ALTON HANTS,SU673361,SW,71.9,G4EPX,51.119772,-1.040205,REDUCED PERFORMANCE,
GB3SO,70CM,RB0,433.0000,434.6000,AV,JO03DH,SUTTON ON SEA,TF518250,MIDL,71.9,M0MFP,53.312548,0.276216,LICENSED,
GB3SP,70CM,RB04,433.1000,434.7000,AV,IO71OQ,PEMBROKE,SN042009,WM,94.8,GW4VRO,51.67266643,-4.833087781,OPERATIONAL,
GB3SS,2M,RV48,145.6000,145.0000,DM FUSION,IO87MO,ELGIN MORAY,NJ424582,SCOT,67,GM4ILS,57.61010187,-2.965645638,OPERATIONAL,
GB3ST,70CM,RB09,433.2250,434.8250,AV,IO83WA,STOKE ON TRENT,SJ937472,MIDL,103.5,G8NSS,53.03,-2.10,OPERATIONAL,
GB3SW,2M,RV57,145.7125,145.1125,AV,IO80JR,SIDMOUTH,SY1579292286,SW,77,G6XUV,50.7235,-3.19312,OPERATIONAL,
GB3SX,6M,R50-08,50.7900,51.2900,AV,IO93BA,STOKE ON TRENT,SK059488,MIDL,103.5,G4SCY,53.036446,-1.913464,OPERATIONAL,
GB3SY,70CM,RB06,433.1500,434.7500,AV,IO93HN,BARNSLEY,SE395079,NOR,71.9,G4LUE,53.566544,-1.404422,OPERATIONAL,
GB3SZ,70CM,RB15,433.3750,434.9750,AV,IO90BR,BOURNEMOUTH,SZ094916,SW,71.9,M0AUY,50.724396,-1.867786,OPERATIONAL,
GB3TA,2M,RV59,145.7375,145.1375,AV,IO92DP,TAMWORTH,SK210049,MIDL,67,M0TSD,52.641743,-1.690839,LICENSED,
GB3TD,70CM,RB03,433.0750,434.6750,AV,IO91DL,SWINDON,SU208765,SW,118.8,G4XUT,51.487055,-1.700663,OPERATIONAL,
GB3TF,70CM,RB08,433.2000,434.8000,AV,IO82RP,LITTLE WENLOCK,SJ648070,WM,103.5,G3UKV,52.659787,-2.520735,OPERATIONAL,
GB3TH,70CM,RB15,433.3750,434.9750,AV,IO92DP,TAMWORTH,SK203042,MIDL,67,G8MKT,52.63517698,-1.701464052,OPERATIONAL,
GB3TJ,70CM,RB12,433.3000,434.9000,AV,IO85XA,CORBRIDGE,NY984707,NOR,118.8,G7UUR,55.03082681,-2.026549673,LICENSED,
GB3TO,2M,RV49,145.6125,145.0125,DM D-STAR,IO92NE,NORTHAMPTON,SP768538,MIDL,77,G6NYH,52.17712169,-0.878270602,NOT OPERATIONAL,
GB3TP,2M,RV58,145.7250,145.1250,AV,IO93BV,KEIGHLEY,SE072463,NOR,82.5,G8ZMG,53.913168,-1.891493,OPERATIONAL,
GB3TR,2M,RV52,145.6500,145.0500,AV,IO80FM,TORQUAY,SX913680,SW,94.8,G8XST,50.501950,-3.534988,OPERATIONAL,
GB3TS,70CM,RB07,433.1750,434.7750,AV,IO94GX,SUNDERLAND,NZ357512,NOR,118.8,G7MFN,54.854972,-1.44453,OPERATIONAL,
GB3TU,70CM,RB09,433.2250,434.8250,AV,IO91PS,TRING HERTS,SP905085,SW,77,G0RDI,51.767871,-0.689699,OPERATIONAL,
GB3TW,2M,RV58,145.7250,145.1250,AV,IO94EW,GATESHEAD,NZ253620,NOR,118.8,G7UUR,54.952635,-1.605922,OPERATIONAL,
GB3TX,10M,10M,29.6500,29.5500,AV,JO02PP,NORWICH,TG224109,SE,94.8,M0ZAH,52.39002,1.17159,NOT OPERATIONAL,
GB3TY,6M,R50-07,50.7800,51.2800,AV,IO74BS,CARRICKFERGUS,IJ387928,NI,110.9,GI6DKQ,54.76379,-5.84634,OPERATIONAL,
GB3UB,70CM,RB04,433.1000,434.7000,AV,IO81UJ,BATH AVON,ST773646,SW,118.8,G4KVI,51.3799957,-2.327537894,OPERATIONAL,
GB3UI,70CM,RB01,433.0250,434.6250,AV,IO92CK,BIRMIMGHAM,SP132824,MIDL,67,G4LCH,52.43963935,-1.80593357,OPERATIONAL,
GB3UK,70CM,RU69,430.8625,438.4625,AV,IO81XW,CHELTENHAM,SO993248,SW,103.5,G4FPV,51.921722,-2.011586,OPERATIONAL,
GB3UL,70CM,RB02,433.0500,434.6500,AV,IO74CO,BELFAST  N.I.,IJ405767,NI,110.9,GI3USS,54.619484,-5.823939,OPERATIONAL,
GB3UM,6M,R50-03,50.7400,51.2400,AV,IO92IQ,MARKFIELD  LEICESTER,SK486108,MIDL,77,M1NAS,52.692751,-1.282379,OPERATIONAL,
GB3UO,70CM,RU66,430.8250,438.4250,AV,IO82LW,CHIRK,SJ298392,WM,110.9,GW0WZZ,52.945555,-3.0450361,OPERATIONAL,
GB3US,70CM,RB0,433.0000,434.6000,AV,IO93GJ,SHEFFIELD,SK348873,NOR,103.5,G4CUI,53.38141173,-1.478291827,REDUCED OUTPUT,
GB3VA,2M,RV56,145.7000,145.1000,AV,IO91LT,BRILL,SP656138,SW,118.8,G8BQH,51.81898711,-1.049676828,OPERATIONAL,
GB3VE,70CM,RB04,433.1000,434.7000,AV,IO84SQ,DUFTON,NY704318,NOR,77,G7ITT,54.679792,-2.461969,OPERATIONAL,
GB3VH,70CM,RB13,433.3250,434.9250,AV,IO91VT,WELWYN G CITY,TL228140,SE,82.5,G4THF,51.811834,-0.219816,OPERATIONAL,
GB3VI,6M,R50-15,50.8600,51.3600,AV,IO92BJ,BIRMINGHAM,SP407705276226,MIDL,67,G8NDT,52.384012,-1.8882188,LICENSED,
GB3VM,2M,RV49,145.6125,145.0125,DM FUSION,IO82PH,LUDLOW,SO50856820,WM,103.5,G4AIJ,52.30963,-2.719967,OPERATIONAL,
GB3VN,70CM,RU74,430.9250,438.5250,AV,IO82QI,LUDLOW,SO589735,WM,103.5,G4OYX,52.3583001,-2.6040501,OPERATIONAL,
GB3VS,70CM,RB03,433.0750,434.6750,AV,IO80LX,TAUNTON,ST242188,SW,94.8,G4UVZ,50.9636211,-3.080736772,OPERATIONAL,
GB3VT,2M,RV58,145.7250,145.1250,DM D-STAR,IO83WA,STOKE ON TRENT,SJ937472,MIDL,103.5,G8NSS,53.03,-2.10,OPERATIONAL,
GB3VW,2M,RV48,145.6000,145.0000,DUALMODE,JO02QP,NORWICH,TG27991003,SE,94.8,M0ZAH,52.640182,1.368362,NOT OPERATIONAL,
GB3WA,70CM,RU70,430.8750,438.4750,AV,IO75OR,DALRY,NS266519,SCOT,103.5,GM7GDE,55.72938605,-4.762879126,LICENSED,
GB3WB,70CM,RB12,433.3000,434.9000,AV,IO81MH,WESTON-S-MARE,ST338580,SW,94.8,G4TBD,51.317275,-2.950639,OPERATIONAL,
GB3WC,23CM,RM15,1297.3750,1291.3750,AV,IO93EP,HUDDERSFIELD,SE229157,NOR,82.5,G1XCC,53.637772,-1.655130,OPERATIONAL,
GB3WD,2M,RV56,145.7000,145.1000,AV,IO70WJ,PLYMOUTH,SX480550,SW,77,G7LUL,50.37521447,-4.138969952,OPERATIONAL,
GB3WE,2M,RV55,145.6875,145.0875,DM D-STAR,IO81MH,WESTON-S-MARE,ST338580,SW,94.8,G1VSX,51.317275,-2.950639,OPERATIONAL,
GB3WF,70CM,RB14,433.3500,434.9500,DM FUSION,IO93DV,OTLEY,SE206440,NOR,82.5,M0JSE,53.891777,-1.6880253,OPERATIONAL,
GB3WG,70CM,RB06,433.1500,434.7500,AV,IO81CP,PORT TALBOT,SS78149366,WM,94.8,GW4FOI,51.628329,-3.761152,NOT OPERATIONAL,
GB3WH,2M,RV52,145.6500,145.0500,AV,IO91EM,SWINDON,SU236814,SW,118.8,G4LDL,51.53071,-1.662718,OPERATIONAL,
GB3WI,70CM,RB15,433.3750,434.9750,AV,JO02CP,WISBECH,TF466090,SE,94.8,M0DUQ,52.659047,0.168149,OPERATIONAL,
GB3WJ,70CM,RB05,433.1250,434.7250,AV,IO93QN,SCUNTHORPE,SE889103,MIDL,88.5,G3TMD,53.582137,-0.658793,ETCC CLEARED,
GB3WK,2M,RV62,145.7750,145.1750,AV,IO92FH,LEAMINGTON SPA,SP335671,MIDL,67,G6FEO,52.301298,-1.510695,OPERATIONAL,
GB3WL,70CM,RU76,430.9500,438.5500,AV,IO92BJ,BIRMINGHAM,SP0770576226,MIDL,67,G3YXM,52.384012,-1.8882188,OPERATIONAL,
GB3WN,70CM,RB0,433.0000,434.6000,AV,IO82XP,WOLVERHAMPTON,SJ945037,MIDL,67,G4OKE,52.630662,-2.082001,OPERATIONAL,
GB3WP,70CM,RU75,430.9375,438.5375,AV,IO83XL,HYDE,SJ980959,NOR,82.5,G6YRK,53.460016,-2.030018,OPERATIONAL,
GB3WR,2M,RV48,145.6000,145.0000,AV,IO81PH,WELLS,ST498568,SW,94.8,G4RKY,51.30809525,-2.721543837,OPERATIONAL,
GB3WS,2M,RV60,145.7500,145.1500,AV,IO91WB,CRAWLEY SUSSEX,TQ292324,SE,88.5,G4EFO,51.076298,-0.157624,OPERATIONAL,
GB3WT,2M,RV62,145.7750,145.1750,AV,IO64JQ,OMAGH N.I,IH511810,NI,110.9,GI3NVW,54.67432,-7.20909,OPERATIONAL,
GB3WU,70CM,RU66,430.8250,438.4250,AV,IO82VE,WORCESTER,SO857558,WM,118.8,G8TIC,52.201054,-2.209452,OPERATIONAL,
GB3WW,2M,RV62,145.7750,145.1750,AV,IO81CP,PORT TALBOT,SS781936,WM,94.8,GW4FOI,51.628431,-3.761802,OPERATIONAL,
GB3WX-10,10M,10M,29.2100,50.5200,AV,IO81VC,MERE WILTSHIRE,ST867333,SW,77,G3ZXX,51.098848,-2.191317,OPERATIONAL,
GB3WX-6,6M,6M,50.5200,29.2100,AV,IO81VC,MERE WILTSHIRE,ST867333,SW,77,G3ZXX,51.098848,-2.191317,OPERATIONAL,
GB3WY,6M,R50-09,50.8000,51.3000,AV,IO93EP,HUDDERSFIELD,SE229157,NOR,82.5,G1XCC,53.637772,-1.655130,OPERATIONAL,
GB3XD,6M,R50-02,50.7300,51.2300,AV,IO93WH,LOUTH,TF2534982531,MIDL,71.9,G7AJP,53.3249701,-0.1195001,OPERATIONAL,
GB3XL,70CM,RU71,430.8875,438.4875,AV,IO93CT,SHIPLEY,SE157369,NOR,82.5,M0IRK,53.828671,-1.762605,OPERATIONAL,
GB3XN,70CM,RU74,430.9250,438.5250,AV,IO93KI,WORKSOP,SK587868,MIDL,71.9,G3XXN,53.37480767,-1.119126637,OPERATIONAL,
GB3XP,2M,RV55,145.6875,145.0875,AV,IO91VJ,MORDEN,TQ265661,SE,82.5,M0ZEY,51.380081,-0.18320328,NOT OPERATIONAL,
GB3XX,70CM,RB13,433.3250,434.9250,AV,IO92KG,DAVENTRY,SP571637,MIDL,77,G1ZJK,52.267957,-1.165341,OPERATIONAL,
GB3YC,2M,RV60,145.7500,145.1500,AV,IO94SC,DRIFFIELD,TA016693,NOR,88.5,M0KXQ,54.109946,-0.446997,OPERATIONAL,
GB3YL,70CM,RB14,433.3500,434.9500,AV,JO02VL,LOWESTOFT,TM550937,SE,94.8,G4RKP,52.48158118,1.754058337,OPERATIONAL,
GB3YS,70CM,RB02,433.0500,434.6500,AV,IO80QW,YEOVIL,ST553167,SW,77,G8NIC,50.94799662,-2.637659542,OPERATIONAL,
GB3YW,2M,RV63,145.7875,145.1875,AV,IO93EP,HUDDERSFIELD,SE229157,NOR,82.5,G1XCC,53.637772,-1.655130,OPERATIONAL,
GB3ZA,2M,RV59,145.7375,145.1375,DM FUSION,IO82PB,HEREFORD,SO5196541067,WM,118.8,G0JWJ,52.06589,-2.702135,OPERATIONAL,
GB3ZB,70CM,RU66,430.8250,438.4250,AV,IO81QJ,BRISTOL,ST554667,SW,77,G4RKY,51.397757,-2.641179,OPERATIONAL,
GB3ZI,70CM,RU78,430.9750,438.5750,AV,IO82WT,STAFFORD,SJ945240,MIDL,103.5,G8VPR,52.813055,-2.08362,OPERATIONAL,
GB3ZW,6M,R50-10,50.8100,51.3100,AV,IO82HL,NEWTOWN POWYS,SO050875,WM,103.5,GW4NQJ,52.477385,-3.399617,OPERATIONAL,
GB3ZX,70CM,RU66,430.8250,438.4250,AV,JO00CT,EASTBOURNE,TQ577018,SE,88.5,G6ZZX,50.79431601,0.236229093,OPERATIONAL,
GB3ZY,6M,R50-09,50.8000,51.3000,AV,IO81QJ,BRISTOL,ST554667,SW,77,G4RKY,51.398024,-2.641757,OPERATIONAL,
GB40PY,70CM,RB08,433.2000,434.8000,AV,JO02AF,CAMBRIDGE,TL393594,SE,77,G4NBS,52.21521095,0.037551694,OPERATIONAL,
GB7AA,70CM,DVU54,439.6750,430.6750,DM DMR,IO81RO,BRISTOL,ST627882,SW,,G4CJZ,51.591373,-2.539454,OPERATIONAL,
GB7AD,70CM,DVU73,439.9125,430.9125,DSTAR,IO81RO,BRISTOL,ST627882,SW,,G4CJZ,51.591373,-2.539454,OPERATIONAL,
GB7AU,70CM,DVU56,439.7000,430.7000,DSTAR,IO91QP,AMERSHAM,SU957955,SW,,G0RDI,51.650179,-0.616768,OPERATIONAL,
GB7AV,70CM,DVU35,439.4375,430.4375,DMR,IO91OT,AYLESBURY,SP819135,SW,,G0RAS,51.814537,-0.81235003,OPERATIONAL,
GB7BD,70CM,DVU36,439.4500,430.4500,DSTAR,IO81PJ,BRISTOL,ST488671,SW,,G4RKY,51.400183,-2.737726,REDUCED POWER,
GB7BE,70CM,DVU53,439.6625,430.6625,DSTAR,JO02TK,BECCLES,TM4441488957,SE,,M0JGX,52.443871,1.5950091,OPERATIONAL,
GB7BH,70CM,DVU46,439.5750,430.5750,DMR,IO90WU,BRIGHTON,TQ34220676,SE,,G7TXU,50.844816,-0.094821,OPERATIONAL,
GB7BM,70CM,DVU32,439.4000,430.4000,DSTAR,IO92BL,BIRMINGHAM,SP077852,MIDL,,G8VIQ,52.464471,-1.888401,OPERATIONAL,
GB7BP,70CM,DVU36,439.4500,430.4500,DSTAR,IO91PX,MILTON KEYNES,SP865339,SW,,G0NBI,51.997419,-0.740126,OPERATIONAL,
GB7BS,70CM,DVU13,439.1625,430.1625,DMR,IO81TK,BRISTOL CITY,ST716702,SW,,G4SDR,51.4305401,-2.4090501,OPERATIONAL,
GB7BX,70CM,DVU35,439.4375,430.4375,DMR,IO82QN,MUCH WENLOCK,SO370309,WM,,M1GIZ,52.58,-2.59,LICENSED,
GB7CD,70CM,DVU56,439.7000,430.7000,DSTAR,IO81JL,CARDIFF,ST192751,WM,,GW6CUR,51.47067089,-3.166983284,OPERATIONAL,
GB7CF,70CM,DVU41,439.5125,430.5125,DM FUSION,JO01OC,FOLKESTONE ,TR222369,SE,,M1CMN,51.088125,1.173626,OPERATIONAL,
GB7CH,70CM,DVU38,439.4750,430.4750,DSTAR,IO93WH,LOUTH,TF2534982531,MIDL,,G7AJP,53.3249701,-0.1195001,OPERATIONAL,
GB7CM,2M,RV56,145.7000,145.1000,DM FUSION,IO80XS,WIMBOURNE,SY990980,SW,71.9,M0MRP,50.78,-2.01,OPERATIONAL,
GB7CT,2M,RV51,145.6375,145.0375,DMR,IO91PS,TRING,SP905085,SW,,G0RDI,51.767871,-0.689699,OPERATIONAL,
GB7CW,70CM,DVU32,439.4000,430.4000,DMR,IO81EN,BRIDGEND,SS8714485531,WM,,GW0UZK,51.556882,-3.628138,OPERATIONAL,
GB7DB,70CM,DVU53,439.6625,430.6625,DSTAR,IO92RA,AMPTHILL,TL013386,MIDL,,G3YQO,52.035981,-0.524063,OPERATIONAL,
GB7DC,70CM,DVU39,439.4875,430.4875,DSTAR,IO92GW,DERBY,SK380377,MIDL,,G7NPW,52.93536308,-1.436058446,OPERATIONAL,
GB7DD,70CM,DVU53,439.6625,430.6625,DMR,IO86NL,DUNDEE,NO463325,SCOT,,MM0DUN,56.481975,-2.874304,OPERATIONAL,
GB7DE-B,70CM,DVU48,439.6000,430.6000,DSTAR,IO86NF,UPPER LARGO,NO436048,SCOT,,MM0DXE,56.232841,-2.910561,OPERATIONAL,
GB7DE-C,2M,RV51,145.6375,145.0375,DSTAR,IO86NF,UPPER LARGO,NO436048,SCOT,,MM0DXE,56.232841,-2.910561,OPERATIONAL,
GB7DG,70CM,DVU43,439.5375,430.5375,DSTAR,IO82WI,BROMSGROVE,SO9383473301,WM,,M1JSS,52.357745,-2.091947,OPERATIONAL,
GB7DK-B,70CM,DVU73,439.9125,430.9125,DSTAR,IO74LV,STRANRAER,NX034581,SCOT,,GM0HPK,54.87849658,-5.06461169,OPERATIONAL,
GB7DK-C,2M,RV55,145.6875,145.0875,DSTAR,IO74LV,STRANRAER,NX034581,SCOT,,GM0HPK,54.87849658,-5.06461169,OPERATIONAL,
GB7DN,70CM,DVU33,439.4125,430.4125,DSTAR,IO64MW,DUNGIVEN,IC6500909334,NI,,GI0AZB,54.927182,-6.986983,OPERATIONAL,
GB7DR,70CM,DVU34,439.4250,430.4250,DMR,IO90AR,POOLE,SZ036933,SW,,G6AKG,50.739588,-1.949521,OPERATIONAL,
GB7DS,70CM,DVU34,439.4250,430.4250,DM DMR,JO02PP,NORWICH,TG2247410922,SE,,M0ZAH,52.650059,1.287748,OPERATIONAL,
GB7DV,70CM,DVU49,439.6125,430.6125,DSTAR,IO83QJ,ST. HELENS,SJ492939,NOR,,G1DVA,53.440027,-2.76570,OPERATIONAL,
GB7DX,70CM,DVU56,439.7000,430.7000,DSTAR,JO01IA,WITTERSHAM,TQ8973527593,SE,,G0GCQ,51.016409,0.703672,OPERATIONAL,
GB7EB,70CM,DVU46,439.5750,430.5750,DMR,JO02TK,BECCLES,TM4441488957,SE,,M0JGX,52.443871,1.5950091,LICENSED,
GB7ED,70CM,DVU54,439.6750,430.6750,DMR,IO80GR,EXETER,SX9381093984,SW,,M0ZZT,50.735732,-3.5061541,LICENSED,
GB7EL,70CM,DVU57,439.7125,430.7125,DMR,IO83VT,NELSON,,NOR,,G4BLH,53.82,-2.21,LICENSED,
GB7EN,70CM,DVU43,439.5375,430.5375,DSTAR,IO92PH,WELLINGBOROUGH,SP875682,MIDL,,G7HIF,52.304440,-0.716670,NOT OPERATIONAL,
GB7EP,70CM,DVU32,439.4000,430.4000,DMR,IO91UI,EPSOM,TQ2065163293,SE,,G0OXZ,51.355713,-0.268648,OPERATIONAL,
GB7ER,2M,RV62,145.7750,145.1750,DM FUSION,IO80GR,EXETER,SX9381093984,SW,77,M0ZZT,50.735732,-3.5061541,LICENSED,
GB7ES,70CM,DVU35,439.4375,430.4375,DSTAR,JO00DT,EASTBOURNE,TQ6156704498,SE,,M0LRE,50.817495,0.29222333,NOT OPERATIONAL,
GB7EX,70CM,DVU57,439.7125,430.7125,DMR,JO01GN,SOUTHEND-ON-SEA,TQ7757387552,SE,,G8YPK,51.558895,0.56024706,OPERATIONAL,
GB7FC,70CM,RU78,430.9750,438.5750,DM DMR,IO83LS,BLACKPOOL,,NOR,,M0AUT,53.79,-3.01,OPERATIONAL,
GB7FH,70CM,DVU49,439.6125,430.6125,DSTAR,IO90JU,FAREHAM,SU5771507515,SW,,G6ORL,50.864273,-1.181266,LICENSED,
GB7FK-B,70CM,DVU59,439.7375,430.7375,DSTAR,JO01OC,FOLKESTONE,TR250387,SE,,M1CMN,51.103172,1.213832,OPERATIONAL,
GB7FK-C,2M,RV63,145.7875,145.1875,DSTAR,JO01OC,FOLKESTONE,TR250387,SE,,M1CMN,51.103172,1.213832,OPERATIONAL,
GB7FW,70CM,DVU53,439.6625,430.6625,DMR,IO92BL,BIRMINGHAM,SP05508610,MIDL,,G8VIQ,52.4730030,-1.918618,OPERATIONAL,
GB7GB,70CM,DVU34,439.4250,430.4250,DMR,IO91WM,BIRMINGHAM,SP0670695997,MIDL,,G8NDT,52.561766,-1.902508,LICENSED,
GB7GC,70CM,DVU35,439.4375,430.4375,DSTAR,IO92WN,GRIMSBY,TA230080,MIDL,,G7EOG,53.56,-0.14,OPERATIONAL,
GB7GD,2M,RV55,145.6875,145.0875,DSTAR,IO87VD,ABERDEEN,NJ889069,SCOT,,GM0MYQ,57.153336,-2.184199,OPERATIONAL,
GB7GF,70CM,DVU55,439.6875,430.6875,DMR,IO91RF,GUILDFORD,SU991488,SE,,G4EML, 51.230139,-0.581524,OPERATIONAL,
GB7GL,70CM,DVU57,439.7125,430.7125,DSTAR,IO81SU,MITCHELDEAN,SO662158,SW,,G4SGI,51.841088,-2.492102,OPERATIONAL,
GB7GT,70CM,DVU33,439.4125,430.4125,DMR,IO82QJ,LUDLOW,SO615761,WM,,G1MAW,52.39,-2.58,OPERATIONAL,
GB7HD-B,70CM,DVU36,439.4500,430.4500,DSTAR,IO93DP,HUDDERSFIELD,SE179186,NOR,,G6OCD,53.6640001,-1.7301701,NOT OPERATIONAL,
GB7HM,70CM,DVU51,439.6375,430.6375,DMR,IO83LC,CAERGWRIE,SJ296570,WM,,G1SYG,53.105838,-3.052965,OPERATIONAL,
GB7HR,70CM,DVU36,439.4500,430.4500,DMR,IO91SL,HEATHROW,TQ0643976877,SE,,G0OXZ,51.480768,-0.467842,LICENSED,
GB7HS,70CM,DVU34,439.4250,430.4250,DMR,IO93BR,BATLEY,SE2042327551,NOR,,G1XCC,53.743942,-1.691816,OPERATIONAL,
GB7HU,70CM,DVU39,439.4875,430.4875,DSTAR,IO93RS,SOUTH CAVE,SE954325,NOR,,G0VRM,53.77985,-0.55385,OPERATIONAL,
GB7HX,70CM,DVU46,439.5750,430.5750,DMR,IO93BP,HUDDERSFIELD,SE085166,NOR,,G0ISX,53.645938,-1.873451,OPERATIONAL,
GB7IC-A,23CM,23CM,1290.6500,1270.6500,DSTAR,JO01NI,HERNE BAY,TR192672,SE,,G4TKR,51.3619444,1.1480556,OPERATIONAL,
GB7IC-B,70CM,DVU36,439.4500,430.4500,DSTAR,JO01NI,HERNE BAY,TR192672,SE,,G4TKR,51.3619444,1.1480556,OPERATIONAL,
GB7IC-C,2M,RV53,145.6625,145.0625,DSTAR,JO01NI,HERNE BAY,TR192672,SE,,G4TKR,51.3619444,1.1480556,OPERATIONAL,
GB7ID,70CM,RU78,430.9750,438.5750,DM DMR,IO91WF,REDHILL,TQ296479,SE,,M0IDD,51.2174,-0.1443,OPERATIONAL,
GB7IK,70CM,DVU43,439.5375,430.5375,DMR,JO01FJ,ROCHESTER,TQ731701,SE,,G6CKK,51.403842,0.488893,OPERATIONAL,
GB7IQ,70CM,DVU49,439.6125,430.6125,DSTAR,IO82WS,STAFFORD,SJ889190,MIDL,,G7PFT,52.768771,-2.165611,NO NETWORK,
GB7JB,70CM,DVU37,439.4625,430.4625,DMR,IO81VC,MERE WILTSHIRE,ST867333,SW,,G3ZXX,51.098848,-2.191317,OPERATIONAL,
GB7JF,70CM,DVU51,439.6375,430.6375,DSTAR,IO92NE,NORTHAMPTON,SP773533,MIDL,,G7HIF,52.172222,-0.8725,OPERATIONAL,
GB7JH-B,70CM,DVU57,439.7125,430.7125,DSTAR,IO90TT,SHOREHAM-BY-SEA,TQ213064,SE,,G8MUQ,50.844510,-0.278277,LICENSED,
GB7JH-C,2M,RV52,145.6500,145.0500,DSTAR,IO90TT,SHOREHAM-BY-SEA,TQ213064,SE,,G8MUQ,50.844510,-0.278277,LICENSED,
GB7KH,70CM,DVU49,439.6125,430.6125,DSTAR,JO01DQ,KELVEDON HATCH,TQ5613599408,SE,,M1GEO,51.671592,0.256369,OPERATIONAL,
GB7LE,70CM,DVU53,439.6625,430.6625,DMR,IO93FU,LEEDS,SE3069739484,NOR,,G1XCC,53.850691,-1.534863,LICENSED,
GB7LF,70CM,DVU43,439.5375,430.5375,DSTAR,IO84OA,LANCASTER,SD501599,NOR,,G3VVT,54.032477,-2.763189,OPERATIONAL,
GB7LN,70CM,DVU32,439.4000,430.4000,DMR,IO93RF,LINCOLN,SK975734,MIDL,,G0RZR,53.24862,-0.53947,OPERATIONAL,
GB7LP,70CM,DVU32,439.4000,430.4000,DM DMR,IO83MK,LIVERPOOL,SJ381939,NOR,,M1SWB,53.43822965,-2.933259738,OPERATIONAL,
GB7MA,2M,RV48,145.6000,145.0000,DSTAR,IO83UO,BURY,SD833133,NOR,,G7LWT,53.6159804,-2.253903051,OPERATIONAL,
GB7MB,70CM,DVU56,439.7000,430.7000,DMR,IO84NA,HEYSHAM,SD4127260817,NOR,,G4TUZ,54.039982,-2.898266,OPERATIONAL,
GB7MC,70CM,DVU43,439.5375,430.5375,DSTAR,IO70OJ,ST AUSTELL,SW991574,SW,,M1DNS,50.381908,-4.828212,NOT OPERATIONAL,
GB7MH,70CM,DVU51,439.6375,430.6375,DSTAR,IO91WC,EAST GRINSTEAD,TQ337354,SE,,G3NZP,51.102219,-0.091027,OPERATIONAL,
GB7MR,70CM,DVU59,439.7375,430.7375,DMR,IO83XN,MANCHESTER,SD9563407566,NOR,,G8UVC,53.564686,-2.0673961,LICENSED,
GB7NB,70CM,DVU55,439.6875,430.6875,DSTAR,JO02PN,NORWICH,TG258026,SE,,G0LGJ,52.57475,1.331455,OPERATIONAL,
GB7NE,70CM,DVU36,439.4500,430.4500,DSTAR,IO95FE,ASHINGTON,NZ306901,NOR,,G7RWC,55.204761,-1.520397,OPERATIONAL,
GB7NI,2M,RV60,145.7500,145.1500,DSTAR,IO74BS,CARRICKFERGUS,IJ387928,NI,,GI6DKQ,54.76379,-5.84634,OPERATIONAL,
GB7NL,70CM,DVU37,439.4625,430.4625,DSTAR,IO80FR,EXETER,SX9381693947,SW,,M0NLO,50.735397,-3.5060577,OPERATIONAL,
GB7NM,70CM,DVU37,439.4625,430.4625,DV,IO83UN,MANCHESTER,SD820052,NOR,,G7LWT,53.542901,-2.273141,LICENSED,
GB7NS,70CM,DVU13,439.1625,430.1625,DMR,IO91WG,CATERHAM,TQ322542,SE,,G0OLX,51.270852,-0.106726,OPERATIONAL,
GB7NU,70CM,DVU43,439.5375,430.5375,DSTAR,JO02OW,SHERINGHAM,TG157430,SE,,G8SAU,52.940703,1.208846,OPERATIONAL,
GB7OK,2M,RV57,145.7125,145.1125,DSTAR,JO01BJ,BROMLEY,TQ4639368416,SE,,G1HIG,51.395905,0.102901,OPERATIONAL,
GB7PB,2M,RV53,145.6625,145.0625,DSTAR,IO94FT,DURHAM,NZ275464,NOR,,G4EBN,54.811942,-1.572642,OPERATIONAL,
GB7PD-C,2M,RV59,145.7375,145.1375,DSTAR,IO71MQ,PEMBROKE DOCK,SM956032,WM,,MW0HVB,51.69060,-4.95765,LICENSED,
GB7PI,70CM,DVU73,439.9125,430.9125,DSTAR,IO92XA,ROYSTON,TL3723836475,SE,,M0ZPU,52.009764,-0.001845,OPERATIONAL,
GB7PN,70CM,DVU34,439.4250,430.4250,DMR,IO83HH,PRESTATYN,SJ0791281863,WM,,G4NOY,53.325670,-3.384060,OPERATIONAL,
GB7PP,70CM,DVU35,439.4375,430.4375,DSTAR,JO02OB,IPSWICH,TM207448,SE,,G8HUE,52.058027,1.220975,LICENSED,
GB7PT,70CM,DVU57,439.7125,430.7125,DM D-STAR,IO92XA,ROYSTON,TL3723836475,SE,,G4NBS,52.009764,-0.001845,LICENSED,
GB7RB-C,2M,RV54,145.6750,145.0750,DSTAR,IO81GK,COWBRIDGE,ST0147473877,WM,,GW6CUR,51.455275,-3.419425,OPERATIONAL,
GB7RN,2M,RV51,145.6375,145.0375,DSTAR,IO90JT,FAREHAM,SU572041,SW,,G3ZDF,50.834312,-1.1883671,OPERATIONAL,
GB7RR,70CM,DVU48,439.6000,430.6000,DMR,IO93KA,NOTTINGHAM,SK5248147246,MIDL,,G0LCG,53.02,-1.11,LICENSED,
GB7RW,2M,RV48,145.6000,145.0000,DSTAR,IO94SO,WHITBY,NZ932044,NOR,,G4EQS,54.426264,-0.5655642,OPERATIONAL,
GB7RY,70CM,RU76,430.9500,438.5500,DM FUSION,JO00HW,RYE,TQ830200,SE,,M0HOW,50.950784,0.605244,OPERATIONAL,
GB7SB,2M,RV48,145.6000,145.0000,DSTAR,IO90WT,BRIGHTON,TQ328051,SE,,G4PAP,50.831067,-0.114458,OPERATIONAL,
GB7SC,70CM,DVU38,439.4750,430.4750,DMR,IO90QT,BOGNOR REGIS,SU964004,SE,,G0AFN,50.795868,-0.632546,OPERATIONAL,
GB7SD,70CM,DVU33,439.4125,430.4125,DMR,IO80SQ,WEYMOUTH,SY677858,SW,,G0EVW,50.671415,-2.457735,OPERATIONAL,
GB7SE,70CM,DVU38,439.4750,430.4750,DMR,JO01DM,SOUTH OCKENDON,TQ580810,SE,,M0PFX,51.51,0.27,OPERATIONAL,
GB7SF,2M,RV59,145.7375,145.1375,DSTAR,IO93GK,SHEFFIELD,SK3706991474,NOR,,M1ERS,53.418787,-1.443714,OPERATIONAL,
GB7SH,70CM,RU77,430.9625,438.5625,DM FUSION,IO93GK,SHEFFIELD,SK3706991474,NOR,71.9,M1ERS,53.418787,-1.443714,LICENSED,
GB7SJ,70CM,RU70,430.8750,438.4750,DM FUSION,IO83RF,NORTHWICH,SJ655696,NOR,103.5,M0WTX,53.223000,-2.516417,OPERATIONAL,
GB7SN,70CM,DVU54,439.6750,430.6750,DMR,IO93GH,SHEFFIELD,SK34978112,NOR,,M1ERS,53.325853,-1.476391,OPERATIONAL,
GB7SO,70CM,DVU46,439.5750,430.5750,DSTAR,IO92BJ,SOLIHULL,SP1027977355,MIDL,,G7DDN,52.394141,-1.850362,OPERATIONAL,
GB7SR,70CM,DVU51,439.6375,430.6375,DMR,IO93GK,SHEFFIELD,SK3339192481,NOR,,M0GAV,53.42809,-1.498926,OPERATIONAL,
GB7SS,70CM,DVU59,439.7375,430.7375,DSTAR,JO01HO,HOCKLEY,TQ837929,SE,,G6XYU,51.601111,0.653056,OPERATIONAL,
GB7TD,70CM,DVU13,439.1625,430.1625,DMR,IO93EP,HUDDERSFIELD,SE229157,NOR,,G1XCC,53.637772,-1.655130,OPERATIONAL,
GB7TE,2M,RV62,145.7750,145.1750,DSTAR,JO01OT,CLACTON ON SEA,TM218172,SE,,G7HJK,51.808994,1.214970,LICENSED,
GB7TP,70CM,DVU55,439.6875,430.6875,DMR,IO93BV,KEIGHLEY,SE074466,NOR,,M0IRK,53.9162,-1.8880,OPERATIONAL,
GB7TQ,70CM,RU71,430.8875,438.4875,DM FUSION,IO80FM,TORQUAY,SX913680,SW,94.8,G8XST,50.501950,-3.534988,OPERATIONAL,
GB7TV,70CM,DVU38,439.4750,430.4750,DSTAR,IO94LN,NEW MARSKE,NZ618207,NOR,,M0RIG,54.578217,-1.044194,OPERATIONAL,
GB7VO,70CM,DVU56,439.7000,430.7000,DSTAR,IO82PE,LEOMINSTER,SO507537,WM,,G8XYJ,52.179563,-2.722492,OPERATIONAL,
GB7WB,70CM,DVU39,439.4875,430.4875,DSTAR,IO81MH,WESTON-S-MARE,ST338580,SW,,G4SZM,51.317275,-2.950639,OPERATIONAL,
GB7WC,70CM,DVU39,439.4875,430.4875,DSTAR,IO83QI,WARRINGTON,SJ576830,NOR,,G4VSS,53.34278,-2.637778,OPERATIONAL,
GB7WF,70CM,DVU39,439.4875,430.4875,DSTAR,IO82UJ,BEWDLEY,SO776755,WM,,G8OXG,52.377528,-2.329747,OPERATIONAL,
GB7WI,70CM,DVU33,439.4125,430.4125,DMR,IO93QP,WINTERTON,SE92681903,MIDL,,G0UZJ,53.659573,-0.598999,OPERATIONAL,
GB7WL,70CM,DVU37,439.4625,430.4625,DMR,IO91QP,AMERSHAM,SU957955,SW,,G0RDI,51.65018,-0.61677,OPERATIONAL,
GB7WP,70CM,DVU73,439.9125,430.9125,DSTAR,IO83KJ,BIRKENHEAD,SJ275880,NOR,,G4BKF,53.384167,-3.090556,OPERATIONAL,
GB7WT,70CM,DVU48,439.6000,430.6000,DSTAR,IO64HQ,OMAGH  N.I,IH390821,NI,,GI3NVW,54.6854698,-7.3954367,OPERATIONAL,
GB7YD-A,23CM,RM12,1297.3000,1291.3000,DSTAR,IO93HO,BARNSLEY,SE426101,NOR,,G4LUE,53.585743,-1.358101,NOT OPERATIONAL,
GB7YD-B,70CM,DVU41,439.5125,430.5125,DSTAR,IO93HO,BARNSLEY,SE426101,NOR,,G4LUE,53.585743,-1.358101,NOT OPERATIONAL,
GB7YD-C,2M,RV54,145.6750,145.0750,DSTAR,IO93HO,BARNSLEY,SE426101,NOR,,G4LUE,53.585743,-1.358101,NOT OPERATIONAL,
GB7ZP,70CM,DVU39,439.4875,430.4875,DSTAR,JO01HR,DANBURY,TL7861105230,SE,,G6JYB,51.717342,0.584063,OPERATIONAL,
